title,subtitle,text,domain,datetime,lang,link,views,mentions,text_tone,tone_words,ment_tone,Володимир Зеленський,Денис Шмигаль,Віталій Кличко,Петро Порошенко,Віктор Ляшко,Максим Степанов,Олексій Гончарук,Арсен Аваков,Андрій Єрмак,Дмитро Разумков,Володимир Зеленський_tone,Денис Шмигаль_tone,Віталій Кличко_tone,Петро Порошенко_tone,Віктор Ляшко_tone,Максим Степанов_tone,Олексій Гончарук_tone,Арсен Аваков_tone,Андрій Єрмак_tone,Дмитро Разумков_tone
"Кличко в карантин призвал киевлян посмотреть на новую брусчатку, но упрекнул гуляющих по Крещатику",,"30 апреля 2020, четверг, 14:54 1490 
2020-04-30T14:54:00+03:00 Общество 2020-06-15T04:05:56+03:00
Ольга Фандорина
Крещатик. Фото: ""Информатор""
## Мэр Киева Виталий Кличко раскритиковал жителей столицы, которые в последние дни ""сами себе отменили карантин"" и гуляют по городу, однако призвал пойти и посмотреть на новую брусчатку на улице Покровской, которую недавно положили. Об этом он заявил на брифинге. 
""Хотел бы еще раз обратиться к киевлянам. Я неприятно шокирован количеством людей, которые сами себе отменили карантин, вышли на улицы, пренебрегая всеми средствами безопасности. Вчера на Крещатике гуляли уже много людей, преимущественно без масок, более того - с детьми. А на дорогах такие пробки!.. Ибо все решили куда-то уехать, - посетовал мэр Киева
Хяотя в сегодняшнем же видеобращении он похвастался обновленной брусчаткой на улице Покровской в Киеве и призвал всех посмотреть на нее и получить удовольствие.
Также он заявил, что людей невозможно уберечь, если они не хотят.
Хочу сказать одно: вы конечно можете не верить в угрозу и говорить, что все это легенды.. Но в таком случае вы не можете потом предъявлять претензии, что больницы - переполнены, что вам не смогли оказать помощь, что вас не предупреждали. А как уберечь людей, если они сами этого не хотят, еще и подвергают опасности других"", - сказал Кличко в ежедневном видеообращении.
Как защититься от коронавируса:
 * Избегайте контакта с людьми с симптомами ОРВИ. Минимальная дистанция - 1,5 метра.
 * Не касайтесь своего лица, в том числе глаз, носа и рта.
 * Термически обрабатывайте продукты. Не ешьте сырое мясо, мясные субпродукты и яйца.
 * В случае появления первых симптомов ОРВИ немедленно обратитесь к своему семейному врачу.
Как сообщали Українські Новини, сегодня начался 50-й день карантина, который Кабинет Министров ввел с 12 марта из-за эпидемии коронавируса COVID-19 и продлил до 11 мая.
Тем временем в Украине коронавирус зафиксировали почти у 2 тыс. медиков.",https://ukranews.com,2020-04-30 11:54:00+00:00,ru,https://ukranews.com/news/699638-klichko-upreknul-gulyayushhih-kievlyan-po-kreshhatiku,1490.0,#####Віталій Кличко+1.0###########Віталій Кличко+1.0#########,1,#####раскритиковать:-1###пренебрегать:-1;безопасность:1####удовольствие:2#уберечь:2#угроза:-2#претензия:-1;помощь:1#уберечь:2;подвергать:-1;опасность:-1#######семейный:1#эпидемия:-1#,Віталій Кличко:-1,,,2.0,,,,,,,,,,-1.0,,,,,,,
"Олена Зеленська розповіла, як почувається після зараження коронавірусом",,"# Олена Зеленська розповіла, як почувається після зараження коронавірусом 
На цю мить Олена Зеленська перебуває на амбулаторному лікуванні 
 
 14:39 12.06.2020 
Офіс президента України
Дружина президента України Олена Зеленська отримала позитивний результат тесту на коронавірусну інфекцію Covid-19. На своїй сторінці у Facebook перша леді написала, що почувається добре. 
""Сьогодні я отримала позитивний результат тесту на коронавірус. Несподівана новина. Особливо враховуючи те, що я та моя родина продовжуємо дотримуватись усіх правил – маски, рукавички, мінімум контактів..."", — написала вона.
Перша леді зазначила, що почувається добре та не має жодних симптомів хвороби. Нині Олена Зеленська перебуває на амбулаторному лікуванні ізольовано від інших членів сім'ї.
""Володимир і діти теж пройшли тестування, їхні результати є негативними"", — додала вона.
В Офісі президента додали, що під час робочих зустрічей і в побуті перша леді постійно дотримувалася правил карантину та рекомендацій МОЗ, а також, відповідно до вимог протоколу безпеки, регулярно проходила тестування на Covid-19. Результати попереднього тесту, зробленого на початку червня, були негативні.
Де та коли саме могло статися зараження, поки що не відомо, триває епідеміологічне розслідування. Усім контактним особам одразу повідомили про потенційну небезпеку інфікування. Їм рекомендовано дотримуватися самоізоляції та, якщо можливо, також пройти тестування.
Зазначимо, нещодавно президент України Володимир Зеленський заявив, що хотів заразитися коронавірусом та показати людям, що ""це страшно"".
Джерело: 112.ua",112.ua,2020-06-12 11:39:00+00:00,uk,https://ua.112.ua/suspilstvo/olena-zelenska-rozpovila-iak-pochuvaie-sebe-pislia-zarazhennia-koronavirusom-539228.html,,#################Володимир Зеленський+1.0#,0,зараження:-1####позитивний:1##позитивний:1###хвороба:-1##негативний:-1#рекомендація:1;безпека:1#негативний:-1#зараження:-1##рекомендувати:1##,Володимир Зеленський:0,1.0,,,,,,,,,,0.0,,,,,,,,,
Рада призначила нового міністра екології,Верховна Рада на засіданні 19 червня призначила Романа Абрамовського міністром захисту довкілля та природних ресурсів.,"Роман Абрамовський
Верховна Рада на засіданні 19 червня призначила Романа Абрамовського міністром захисту довкілля та природних ресурсів. 
Таке рішення підтримали 264 нардепи.
""Мінекоенерго було розділено на 2 міністерства - Міненергетики та Міністерство захисту довкілля. Роман Абрамовський - діючий заступник глави Міненерго, працює на цій посаді з жовтня 2019 року. Має успішний досвід роботи як в бізнесі, так і в державній службі"", - сказав прем'єр Денис Шмигаль, презентуючи кандидата на посаду перед голосуванням.
""Я чітко знаю, що робити, щоб ліквідувати наслідки промислового забруднення і адаптуватися чи запобігати змінам клімату. Багато питань щодо інфраструктури поводження з відходами, щодо лісового господарства... 
У випадку затвердження мене на посаді міністра найближчим часом я представлю чіткий покроковий план дій, який буде корелюватися з програмою дій уряду"", - заявив Абрамовський перед голосуванням.
Водночас парламентська опозиція, зокрема представник ""Батьківщини"" Сергій Власенко нарікав, що нардепам пропонують чергового ""кота в мішку"": кандидата, який не деталізує свою програму діяльності на майбутній посаді.
В свою чергу голова парламентського комітету з питань екологічної політики та природокористування нардеп ""Слуги народу"" Олег Бондаренко запевнив, що на засіданні комітету Абрамовський ""з честю склав іспит, який тривав півтори години"".
Після голосування новий міністр склав присягу на вірність народу України.
Нагадаємо:
10 червня Кабмін призначив Ірину Ставчук першим заступником міністра захисту довкілля та природних ресурсів та поклав на неї обов'язки в.о. міністра.
27 травня Кабінет міністрів перейменував Міністерство енергетики та захисту довкілля на Міністерство енергетики та постановив утворити Міністерство захисту довкілля та природних ресурсів.
Роман Абрамовський - колишній заступник міністра регіонального розвитку, будівництва та житлово-комунального господарства (лютий-вересень 2015 року).
Він раніше обіймав посади генерального директора ПрАТ ""Укрстальконструкція"" (Київ), першого заступника голови правління ПАТ ЄМЗ ""Металіст"".
Заступником голови Мінекоенерго його призначили у жовтні 2019 року.
Економічна правда",https://www.epravda.com.ua,2020-06-19 09:06:00+00:00,uk,https://www.epravda.com.ua/news/2020/06/19/662021/,,#####Денис Шмигаль+1.0###############,7,#захист:1##захист:1###забруднення:-1;запобігати:1#####екологічний:1##вірність:1##захист:1#захист:1;захист:1####,Денис Шмигаль:0,,1.0,,,,,,,,,,0.0,,,,,,,,
Конституционный суд признал неконституционной судебную реформу Зеленского,,"# Конституционный суд признал неконституционной судебную реформу Зеленского
18:27, 11 марта 2020
КС признал неконституционной судебную реформу Зеленского. Фото: Pixabay 
Конституционный суд признал неконституционной судебную реформу Зеленского (закон No1008), как и предсказывала ""Страна"". 
Об этом написал юрист Андрей Портнов, а также подтвердили наши источники в Конституционном суде, пишет 11 марта телеграм-канал ""Политика Страны"".
Напомним, закон No1008 был принят Радой прошлой осенью и подписан президентом в ноябре 2019 года.
Его основным идеологом был тогдашний генпрокурор Руслан Рябошапка.
Закон предусматривал сокращение состава Верховного Суда со 120 до 100 судей, вводил люстрацию для всех членов Высшей квалификационной комиссии судей, а также усиливал влияние международных экспертов на судебную систему Украины.
Как сообщается, докладчиком по делу о неконституционности этого закона при рассмотрении в КСУ являлся новоназначенный судья Филюк, креатура бывшего главы Офиса президента Андрея Богдана. 
В свою очередь Андрей Портнов в своем телеграм-канале написал:
""Уволили Генерального прокурора, но хоть что-то от него осталось - он успел провести судебную реформу, передавшую судебные органы во внешнее управление, за что был восхвалён Фондом Сороса и остальным бродячим грантоедовским ширпотребом. 
Хотя, нет, ничего не осталось, — отменил сегодня Конституционный Суд эту реформу. Полгода легкомысленного вошканья и возвращение в самую первоначальную точку. Прекрасные реформаторы"". 
Напомним, о том, что будет именно так и почему ""Страна"" писала еще месяц назад в материале ""Следующий удар - по реформе Зеленского"".
Закон ""О внесении изменений в некоторые законы Украины о деятельности органов судейского управления"" был подписан президентом Украины 4 ноября.",strana.ua,2020-03-11 16:27:00+00:00,ru,https://strana.ua/news/254273-sudebnuju-reformu-zelenskoho-priznali-nekonstitutsionnoj-.html,,Володимир Зеленський+1.0##Володимир Зеленський+1.0##Володимир Зеленський+1.0#Андрій Портнов+1.0##Руслан Рябошапка+1.0###Андрій Портнов+1.0#####Володимир Зеленський+1.0#,0,########эксперт:1###уволить:-1;успеть:1;ширпотреб:-1##легкомысленный:-1#прекрасный:1##,Володимир Зеленський:0#Андрій Портнов:0#Руслан Рябошапка:0,4.0,,,,,,,,,,0.0,,,,,,,,,
"«Рідні пишаються, особливо мама»: волонтер розповіла про молодого героя, який віддав життя за Україну",Несамовиті подробиці,"Блогер і волонтер Наталя Юсупова поділилася подробицями про молодого українського бійця, вбитого на Донбасі ворожим снайпером
26 травня окупанти обстріляли позиції українських військових в Донецькій області. В результаті потрапляння ворожої кулі в голову загинув молодший сержант 28-ї ОМБр імені Лицарів Зимового Походу Віталій Лімборський. Йому було всього 24 роки.
Як повідомляє Politeka.net, Юсупова на своїй сторінці в Фейсбук поділилася подробицями з життя молодого бійця.
«Загиблий Віталій Лімборський говорив «Те, що я підписав контракт і став молодшим сержантом, відкрило нові горизонти в моєму самовдосконаленні та рідні пишаються мною, особливо мама, а для молодшого братика Антона, можливо, колись буду прикладом для наслідування..», - процитувала українського захисника волонтер.

Вона нагадала про те, що поки політики сваряться між собою, такі молоді герої віддають свої життя за нашу Батьківщину.
«Йому було всього 24 роки, він був воїном і захищав Батьківщину. Поки політики ділять країну і портфелі, поки люди гризуться між собою, ось такі хлопці вмирають на війні за країну. Ніколи не пробачу цих «братів». Жахливе горе. Світла пам'ять герою», - підсумувала Юсупова.
Вона також поділилася фотографією загиблого бійця.
В коментарях до посту українці дякують герою за його службу і висловлюють співчуття його рідним і близьким.
Нагадаємо, волонтер Юсупова б'є тривогу через ігнор втрат на Донбасі: «Кожен день прибуває борт з пораненими».
Як повідомляла Politeka, відомий волонтер забила тривогу через трагедію на Донбасі.
Також Politeka писала, що волонтер пояснила Зеленському, хто насправді врятував Україну від китайського вірусу.",https://politeka.net/uk,2020-05-28 12:53:00+00:00,uk,https://politeka.net/uk/society/267856-rodnye-gordyatsya-osobenno-mama-volonter-rasskazala-o-molodom-geroe-otdavshem-zhizn-za-ukrainu,,################Володимир Зеленський+1.0,-13,снайпер:-1#окупант:-1#ворожий:-1;загинути:-2###пишатися:1;колись:-1#сваритися:-1;герой:1##вмирати:-1;війна:-1##жахливий:-2#світлий:1##дякувати:1#бити:-1;тривога:-1;втрата:-1#тривога:-1;трагедія:-2#,Володимир Зеленський:0,1.0,,,,,,,,,,0.0,,,,,,,,,
"Разумков подписал распоряжение о созыве внеочередного заседания ВР на 24 апреляПредседатель Верховной рады Украины Дмитрий Разумков подписал распоряжение о созыве внеочередного пленарного заседания ВР в пятницу, 24 апреля.","Председатель Верховной рады Украины Дмитрий Разумков подписал распоряжение о созыве внеочередного пленарного заседания ВР в пятницу, 24 апреля.","22.04.20 17:1922.04.20 17:19
# Разумков подписал распоряжение о созыве внеочередного заседания ВР на 24 апреля
## Председатель Верховной рады Украины Дмитрий Разумков подписал распоряжение о созыве внеочередного пленарного заседания ВР в пятницу, 24 апреля.
Как передает Цензор. НЕТ, об этом сообщает информационное управление аппарата парламента.
Так, заседание созвано в связи с требованием президента Украины Владимира Зеленского.
Источник: https://censor.net.ua/n3190812
x",https://censor.net.ua,2020-04-22 14:19:37+00:00,ru,https://censor.net.ua/news/3190812/razumkov_podpisal_rasporyajenie_o_sozyve_vneocherednogo_zasedaniya_vr_na_24_aprelya,1281.0,#Дмитро Разумков+1.0#Дмитро Разумков+1.0###Володимир Зеленський+1.0##,0,#######,Дмитро Разумков:0#Володимир Зеленський:0,1.0,,,,,,,,,2.0,0.0,,,,,,,,,0.0
"Экс-министр финансов Уманский рассказал, как из бюджета через НДС воруют по 10 миллиардов в месяц",,"# Экс-министр финансов Уманский рассказал, как из бюджета через НДС воруют по 10 миллиардов в месяц
22:28, 3 апреля 2020
Игорь Уманский. Скриншот из видео 
Одной из причин увольнения министра финансов Игоря Уманского называли отказ премьера Дениса Шмыгаля ликвидировать схемы минимизации налогов, о которых ему рассказал Уманский.
Об этой и других возможных причинах писала ""Страна"".
В своем Facebook бывший глава финансового ведомства косвенно подтвердил эту версию и рассказал о работе таких схем.
""Пока (пока!) дам лишь один публичный комментарий, скорее уточнение. Относительно ""5 млрд грн в месяц"". Итак. ""5 млрд грн в месяц""» - это речь лишь по НДС. Раз. Сумма в разные месяцы разная - это округлённая средняя по периодам. Приведена для понимания объема проблемы. Два... Чтобы ""оптимизировать"" такой объём НДС, необходимый объём самих операций ""в оптимизации"" в разы больше. И это - уход от налогообложения по прибыли 2-3 млрд грн. Три. ""Игры"" с налоговым долгом (его надувание, оспаривание, списание...) - ещё порядка 2-3 в месяц. Четыре"", - перечислил Уманский.
По его словам, на эти схемы замкнуты контрабанда и кешевые операции, которые без доступа к базам данных посчитать пока не возможно.
В итоге госбюджет в месяц теряет порядка 10 млрд грн.
Ранее ""Страна"" рассказывала, кто такой Уманский. Мы также писали, что назначенного 4 марта министра было решено уволить менее чем через месяц - 29 марта.",strana.ua,2020-04-03 19:28:00+00:00,ru,https://strana.ua/news/259231-umanskij-rasskazal-pochemu-bjudzhet-ezhemesjachno-ne-doschityvaetsja-10-milliardov.html,,####Денис Шмигаль+1.0###################,-6,воровать:-1####увольнение:-1;отказ:-1#########проблема:-1##оптимизация:1#####контрабанда:-1#терять:-1##уволить:-1,Денис Шмигаль:-2,,1.0,,,,,,,,,,-2.0,,,,,,,,
Через скасування пробного ЗНО назріває новий скандал: відкритий лист Кабміну,Український і регіональні центри оцінювання якості освіти надіслали відкритий лист прем'єр-міністрові України Денисові Шмигалю щодо обговорюваного в Міністерстві фінансів України механізму повернення коштів учасникам пробного ЗНО у 2020 році.,"# Через скасування пробного ЗНО назріває новий скандал: відкритий лист Кабміну
Вівторок, 16 червня 2020, 22:23 
Поделиться

Український і регіональні центри оцінювання якості освіти надіслали відкритий лист прем'єр-міністрові України Денисові Шмигалю щодо обговорюваного в Міністерстві фінансів України механізму повернення коштів учасникам пробного ЗНО у 2020 році.
Про це йдеться в повідомленні на сайті УЦОЯО.
Освітяни в листі звернули увагу на те, що ухвалення будь-яких рішень з питань ЗНО має відбуватися за участі представників Українського центру оцінювання якості освіти, коли фахівці можуть роз'яснювати певні специфічні риси системи, щоб забезпечити об'єктивне інформування стейкхолдерів. 
У листі УЦОЯО закликали врахувати у Порядку повернення коштів за участь у пробному ЗНО у 2020 році необхідність створення спрощеної системи виплати.
""Запропонований механізм повернення коштів є досить складним, а здійснення виплат відбуватиметься упродовж багатьох місяців. Відтермінування виплат призведе до хвилі суспільного збурення, заяв про невиконання урядом взятих зобов'язань"", \- йдеться у повідомленні.
В зв'язку з зазначеною ситуацією в УЦОЯО закликали передати реалізацію виплат уповноваженим фінансовим установам, які здатні опрацьовувати масові виплати.
Як повідомляв ""Апостроф"", раніше освітній омбудсмен України Сергій Горбачов припустив, що в Україні можуть скасувати зовнішнє незалежне оцінювання. 
Ніна Кравченко",apostrophe.ua,2020-06-16 19:23:00+00:00,uk,https://apostrophe.ua/ua/news/society/science/2020-06-16/iz-za-otmenyi-probnogo-vno-nazrevaet-novyiy-skandal-otkryitoe-pismo-kabminu/200487,,###Денис Шмигаль+1.0########,-1,скандал:-1########невиконання:-1##освітній:1#,Денис Шмигаль:0,,1.0,,,,,,,,,,0.0,,,,,,,,
У Києві запровадили примусовий карантин для місць масового зараження коронавірусом,Йдеться про підприємства та установи.,"© УНІАН 
Київ 10 квітня 12:26 
 * Кількість коментарів 1
 * Кількість переглядів 5285 
 * Facebook 4
 * Telegram 2
 * WhatsApp
 * Відправити лист
 * WhatsApp
 * Відправити лист
# У Києві запровадили примусовий карантин для місць масового зараження коронавірусом
Йдеться про підприємства та установи.
Аби запобігти поширенню нової коронавірусної інфекції COVID-19 у Києві запровадили обов'язковий карантин для місць, де зафіксоване масове зараження.
Про це повідомив 10 квітня мер столиці Віталій Кличко.
""Комісія з надзвичайних ситуацій столиці ухвалила рішення про запровадження примусового карантину в місцях де виявлені вогнища захворювання: на підприємствах, в установах"", - повідомив він.
Зазначимо, 10 квітня у Києві відомо вже про 348 випадків COVID-19. Тобто за добу виявили ще 13 інфікованих людей. Серед інфікованих двоє медиків.
###### Більше про: Карантин в Україні 2020
 * Столичні торгові центри готуються до відкриття: за якими новими правилами вони будуть працювати
 * У Чернівцях протестували ресторатори: вимагають дозволу працювати усередині закладів
 * Як проходитиме ЗНО-2020: в УЦОЯО розповіли деталі тестування
Нагадаємо, 11 березня Кабінет міністрів України на три тижні запровадив карантин на всій території України задля протидії коронавірусу з Китаю. Кабміном запропоновано встановлення обмежень на проведення масових заходів, у яких запланована участь 200 та більше осіб. Але це не стосується заходів державної необхідності. Проведення спортивних заходів можливе з дозволу міжнародних організацій, без глядачів. Також Україна закриває кордони. Роботу метро, а також автомобільне, залізничне та авіасполучення між містами й областями від 18 березня в Україні також буде тимчасово обмежено. Низка регіонів зачинила навчальні заклади та ввела низку жорстких обмежень - від закриття закладів громадського харчування до заборони виїзду та в'їзду до міста.
За 2 тижні після цього Кабмін запровадив режим надзвичайної ситуації на всій території України та подовжив карантин на місяць \- до 24 квітня. 3 квітня карантин посилили: ввели обов'язкову 14-денну обсервацію для осіб, які прибувають з-за кордону, заборонили пересуватися вулицями більш ніж двом особам, крім випадків супроводу дітей.
В Україні 3 березня зафіксували перший випадок зараження на коронавірус COVID-19. Інфікованим виявився мешканець Чернівецької області. Він незадовго до цього повернувся з дружиною з Італії. Ввечері 12 березня в Україні офіційно підтвердили ще два випадки зараження коронавірусом. Інфікування зафіксували в Чернівецькій та Житомирській областях. Жінка з Житомирщини померла від інфекції, ставши першою жертвою COVID-19 в Україні. 
Після цього про виявлення коронавірусу почали повідомляти і в інших областях. Епіцентрами спалаху в Україні стали Чернівецька область та місто Київ, де хворобу діагностують найбільше. За актуальними новинами щодо поширення коронавірусу в Україні, кількості хворих та летальних випадків, а також засобами боротьби про COVID-19 стежте на сайті ТСН.ua.
Приєднуйтеся до ТСН.ua у Telegram!",tsn.ua,2020-04-09 21:00:00+00:00,uk,https://tsn.ua/kyiv/u-kiyevi-zaprovadili-obov-yazkoviy-karantin-dlya-misc-masovogo-zarazhennya-koronavirusom-1525335.html,,#############Віталій Кличко+1.0##########################,-13,##########примусовий:-1;зараження:-1##зараження:-1##примусовий:-1;захворювання:-1######протестувати:-1;вимагати:-1#########посилити:-1#зараження:-1###зараження:-1##жертва:-2##хвороба:-1##,Віталій Кличко:0,,,1.0,,,,,,,,,,0.0,,,,,,,
Передчасне послаблення карантину: мера Черкас викликають на допит,Мера Черкас Володимира Бондаренка викликають на допит 4 травня у зв'язку з рішенням про передчасне пом'якшення карантину в місті.,"Мера Черкас Володимира Бондаренка викликають на допит 4 травня у зв'язку з рішенням про передчасне пом'якшення карантину в місті.
Джерело: Бондаренко в Facebook
Деталі: Мер опублікував фото повістки, в якій зазначається, що він має прибути до слідчого 4 травня о 12 годині на допит в якості свідка.
Пряма мова Бондаренка: ""Свіжа прилетіла... влада нова, методи старі"".
Передісторія:
 * Влада Черкас з 1 травня пом'якшила карантин для частини підприємців міста, хоча в Україні такі послаблення заплановані на 11 травня.
 * У зв'язку з цим поліція почала кримінальне провадження.
 * Міністр внутрішніх справ Арсен Аваков пригрозив меру Черкас Анатолію Бондаренку жорсткою реакцією, а президент Володимир Зеленський - юридичними наслідками. 
 * Сам Бондаренко заявив, що ослаблення карантину в місті безпечно, а правоохоронних органів він не боїться.",https://www.pravda.com.ua,2020-05-01 20:35:00+00:00,uk,https://www.pravda.com.ua/news/2020/05/1/7250182/,,#######Володимир Зеленський+1.0;Арсен Аваков+1.0#,3,пом'якшення:1########безпечно:2,Володимир Зеленський:0#Арсен Аваков:0,1.0,,,,,,,1.0,,,0.0,,,,,,,0.0,,
"""Ми не збираємося воювати"": Путін відзначився черговою цинічною заявою",,"# ""Ми не збираємося воювати"": Путін відзначився черговою цинічною заявою
2 березня, 09:54
Сергій Мартинець 
 * * * * 
Господар Кремля вказав на унікальність ситуації у військовій сфері Росії
Президент Росії Володимир Путін заявив, що його країна не збирається ні з ким воювати, а прагне до того, щоб ні у кого не виникло бажання з нею конфліктувати.
Говорячи про небажання воювати з ким-небудь, Путін, тим не менш, не припиняє війну проти України та участь в сирійському конфлікті.
""Ми не збираємося ні з ким воювати. Ми збираємося створити умови для того, щоб ніхто не думав з нами воювати"", – сказав Путін.
Господар Кремля нагадав, що військовий бюджет Росії всього лише сьомий у світі, але при цьому наголосив на унікальній ситуації – Росія в оборонній сфері перестала бути в ролі ""наздоганяючої"" держави.
""Ми вперше створили такі системи ударної наступальної зброї, яких немає в світі. Тепер вони (інші країни) наздоганяють нас. Це взагалі унікальна ситуація, такого не було ніколи"", – підкреслив президент РФ і додав, що мова йде, в першу чергу, про гіперзвукову і міжконтинентальну зброю.
Як повідомляли новини ""Сьогодні"", 75% росіян хочуть авторитарного правителя. Три чверті росіян вважають, що їм потрібна ""сильна рука"".
Нещодавно Путін розповідав, чи зможе домовитися із Зеленським. Російський лідер незадоволений деякими діями Києва по Донбасу, хоча сам в той же час взагалі не проявляє кроків до миру.
Дивіться також на відео, як Зеленський розкрив подробиці недавньої розмови з Путіним:",https://www.segodnya.ua/ua,2020-03-01 22:00:00+00:00,uk,https://www.segodnya.ua/ua/world/russia/my-ne-sobiraemsya-voevat-putin-otmetilsya-ocherednym-cinichnym-zayavleniem-1410142.html,,###############Володимир Зеленський+1.0##Володимир Зеленський+1.0,-5,цинічний:-1####унікальність:1##небажання:-1;конфлікт:-1####ударний:-1;зброя:-1##зброя:-1##потрібний:1##незадоволений:-1#,Володимир Зеленський:0,2.0,,,,,,,,,,0.0,,,,,,,,,
Зі США вилетів літак з евакуйованими українцями,,"Ілюстративне фото (flyuia.com)
На боту літака компанії перебувають 354 пасажири
Зі Сполучених Штатів Америки вилетів спецрейс з українцями, які не могли добратися додому після закриття кордонів через пандемію коронавірусу. Про це повідомляє у своєму Twitter посольство України у США.
На боту літака компанії МАУ перебувають 354 пасажири.
""Спецрейс МАУ за маршрутом Нью-Йорк - Київ вилетів відповідно до розкладу. Дякуємо екіпажу за турботу про 354 пасажирів"", - йдеться у повідомленні.
Нагадаємо, президент Володимир Зеленський заявив, що у рамках карантину через коронавірус з 27 березня кордони України закриють для всіх, в тому числі для українських громадян.
В ніч на 25 березня в Україну з Стамбула вилетіли ще 430 українців, які не могли дістатися додому після закриття кордонів через пандемію коронавірусу.
Раніше повідомлялося, що Україна відправляє в Росію спеціальний потяг для эвакуації, який вивезе росіян з України та українців з Росії, це спеціальний рейс 906/905 Київ - Москва - Київ.
Також РБК-Україна писало, що українська авіакомпанія здійснить додатковий чартерний рейс для евакуації українських громадян з Ізраїлю вранці 27 березня.
Як відомо, Міністерство закордонних справ закликало українців повернутися на територію країни до 27 березня. Відзначається, що в цей час будуть здійснюватися щоденні спецрейси.",https://www.rbc.ua,2020-03-25 22:18:00+00:00,uk,https://www.rbc.ua/ukr/news/ssha-vyletel-samolet-evakuirovannymi-ukraintsami-1585257482.html,,#######Володимир Зеленський+1.0#####,1,######дякувати:1######,Володимир Зеленський:0,1.0,,,,,,,,,,0.0,,,,,,,,,
Зеленский назначил нового главу Тернопольской ОГА,,"Новым руководителем Тернопольской области стал Владимир Труш
Президент Украины Владимир Зеленский назначил Владимира Труша новым главой Тернопольской областной государственной администрации. Соответствующий указ опубликован на сайте главы государства.
""Назначить Труша Владимира Любомировича главой Тернопольской областной государственной администрации"", – говорится в документе.
Напрмним, вчера, 18 марта, президент Украины освободил от обязанностей главы Тернопольской ОГА Игоря Сопеля, который подал заявление об отставке еще 22 февраля, после того, как в Тернопольской области прошли протесты против прибытия эвакуированных украинцев из Китая.
Владимир Труш родился 12 апреля 1980 года в селе Лучинци, Рогатинский район, Ивано-Франковская область. Среднее образование получал в одной из местных школ. После ее окончания в 1997 году поступил в Национальный университет ""Львовская политехника"". В 2002 году окончил ВУЗ и начал трудовую деятельность.
В ноябре 2019 года занимал должность главы Рогатинской РГУ.
Как ранее сообщал Фокус:
 * В апреле 2019 года тогдашний глава Тернопольской областной государственной администрации Степан Барна заявил, что уволится с должности после инаугурации нового президента Владимира Зеленского.
 * 1 ноября 2019 года Зеленский назначил на должность главы Тернопольской ОГА Игоря Сопеля.",focus.ua,2020-03-19 21:17:00+00:00,ru,https://focus.ua/politics/452181-zelenskii_naznachil_novogo_glavu_ternopolskoi_oga,,#Володимир Зеленський+1.0##########Володимир Зеленський+1.0#Володимир Зеленський+1.0,0,####освободить:1;протест:-1########,Володимир Зеленський:0,3.0,,,,,,,,,,0.0,,,,,,,,,
"Уряд виділив 2,3 млрд гривень Фонду соцстрахування на карантинні витрати",,"# Уряд виділив 2,3 млрд гривень Фонду соцстрахування на карантинні витрати
 * * * * 
Уряд Дениса Шмигаля
Кабінет міністрів
Частина грошей має покрити виплату одноразової допомоги членам сімей медичних та інших працівників закладів охорони здоров'я, які померли від COVID-19
Кабінет міністрів виділив 2 278 800 тис. грн Фонду соціального страхування України для боротьби з коронавірусом під час карантинного режиму.
Про це повідомляє РБК-Україна.
Так, згідно з постановою, виділяється:
 * 471 100 тис гривень на безповоротній основі для виплати матеріального забезпечення (крім допомоги по вагітності та пологах) та страхових виплат, у том числі одноразової допомоги членам сімей медичних та інших працівників закладів охорони здоров'я, які померли від респіраторної хвороби COVID-19, спричиненої коронавірусом SARS-CoV-2, у період карантину, встановленого Кабінетом міністрів та протягом 30 днів з дня відміни дії карантину;
 * 1 807 700 тис гривень на поворотній основі (надання кредитів) - для виплати матеріального забезпечення.
Також, до цього, прем'єр-міністр Денис Шмигаль заявляв, що 29,7 млрд цього року додатково виділено Пенсійному фонду. Ці кошти дали змогу провести індексацію пенсій, виплатити обіцяні 1000 грн пенсіонерам та 500 грн людям, що старші 80 років.
Крім цього, 6 млрд грн отримали фонди, які будуть допомагати безробітним, зокрема тим, хто втратив роботу за останні місяці.
Нагадаємо, раніше Офіс президента оприлюднив звіт фонду з боротьби проти COVID-19.
Як повідомлялося, уряд вирішив продовжити карантин до 22 червня.",zik.ua,2020-05-20 12:35:00+00:00,uk,http://zik.ua/news/economics/uriad_vydilyv_23_mlrd_hryven_fondu_sotsstrakhuvannia_na_karantynni_vytraty_969135,,##Денис Шмигаль+1.0########Денис Шмигаль+1.0####,0,####допомога:1;померти:-1####безповоротний:-1;забезпечення:1;допомога:1;допомога:1;померти:-1;хвороба:-1#забезпечення:1###втратити:-1##,Денис Шмигаль:0,,2.0,,,,,,,,,,0.0,,,,,,,,
"Лукашенко знайшов дієвий спосіб зупинити епідемію – ""Не цілуй інших жінок""","Лукашенко попросив чоловіків не цілувати ""інших жінок"" під час епідемії","# Лукашенко знайшов дієвий спосіб зупинити епідемію – ""Не цілуй інших жінок""
Лукашенко попросив чоловіків не цілувати ""інших жінок"" під час епідемії
Політика 7 травня, 15:19

Олександр Лукашенко, скрін з відео
7 травня, 15:19
Президент Білорусі Олександр Лукашенко дав рекомендації по профілактиці коронавіруса. Про це він розповів під час відвідування полігону Об'єднаного інституту машинобудування, повідомляє білоруський портал REFORM.by.
Лукашенко зазначив, що в питанні профілактики інфікування коронавірусом, білоруси ведуть себе в цілому відповідально і дотримуються соціальне дистанціювання. При цьому у президента своє, досить цікаве уявлення про дистанціюванні.
Раніше Лукашенко давав своєрідні рекомендації про боротьбу з коронавірусом. Він пропонував боротися з хворобою трактором, горілкою, сухий сауною, грою в хокей, вершковим маслом, свіжим повітрям і багаттям диму, з допомогою лісів і боліт.

Раніше повідомлялося, що днями президент Беларуси запросив Володимира Зеленського та Володимира Путіна на парад до Дня перемоги, який там не скасували навіть незважаючи на пандемію коронавіруса. В Офісі українського президента вже відповіли на це запрошення. Про це повідомляє «Радіо Свобода» з посиланням на директорат з питань інформаційної політики Офісу президента.
Так, там зазначили, що президент України Володимир Зеленський не поїде 9 травня на парад до Дня перемоги в Білорусь. ""В Україні – карантин. Глава держави поки не здійснює закордонних візитів"", - заявили в ВП.",znaj.ua,2020-05-07 12:19:00+00:00,uk,https://znaj.ua/politics/309750-lukashenko-znayshov-diyeviy-sposib-zupiniti-epidemiyu-ne-ciluy-inshih-zhinok,,###########Володимир Зеленський+1.0###Володимир Зеленський+1.0##,4,цілувати:1#цілувати:-1####рекомендація:1####рекомендація:1#хвороба:-1;допомога:1#перемога:1###перемога:1##,Володимир Зеленський:2,2.0,,,,,,,,,,2.0,,,,,,,,,
Шмигаль: підстав для відставки уряду наразі немає,,"Денис Шмигаль
КИЇВ. 18 червня. УНН. Кабінет міністрів України буде працювати по своїй Програмі діяльності, попри те, що Верховна Рада України не підтримала цей документ, підстав для відставки Уряду наразі немає. Про це, коментуючи результати голосування у Верховній Раді, заявив Прем'єр-міністр України Денис Шмигаль, повідомили УНН у пресслужбі уряду.
Так, Прем'єр-міністр наголосив, що ""підстав для відставки уряду наразі немає, протягом наступного року уряд має працювати за підготовленим документом"".
""Ми будемо продовжувати роботу. Нічого страшного тут не відбулося. Для уряду взагалі нема жодних змін. Ми не гналися за імунітетом, нам він не потрібен, нам потрібно розуміння того, що ми з парламентом можемо виконувати програмні заходи на користь України і українців. Це головне, на цьому ставлю знак оклику. Ми працюємо далі"", - наголосив Денис Шмигаль.
Також він підкреслив, що текст Програми діяльності уряду фактично отримав підтримку парламентарів у комітетах. ""Але у депутатів були побоювання, що під час коронакризи раптом доведеться швидко міняти якогось міністра, а це буде неможливо. Ми відверто про ці речі говорили, це не є секретом, і це є основним каменем спотикання, який не дав можливості зібрати необхідну кількість голосів для підтримки Програми. До її змісту насправді питань нема, це політичне рішення"", - пояснив Денис Шмигаль.
Як повідомлялося раніше в УНН, Рада не підтримала програму діяльності уряду. Шмигаль відреагував на провал голосування ВР за програму діяльності уряду.",www.unn.com.ua,2020-06-18 12:02:00+00:00,uk,https://www.unn.com.ua/uk/news/1875760-shmigal-pidstav-dlya-vidstavki-uryadu-narazi-nemaye,,Денис Шмигаль+1.0####Денис Шмигаль+1.0#######Денис Шмигаль+1.0####Денис Шмигаль+1.0##Денис Шмигаль+1.0,0,#########імунітет:1;потрібний:-1;розуміння:1####побоювання:-1####,Денис Шмигаль:0,,5.0,,,,,,,,,,0.0,,,,,,,,
"10:36
Земельні ділянки і майже 3,4 млн грн доходів: Шмигаль подав декларацію",,"Шмигаль з дружиною зберігають готівкою 235 тис. Доларів
Прем'єр-міністр України Денис Шмигаль подав декларацію своїх доходів за 2019 рік. Згідно з нею, він має будинок, земельні ділянки і майже 3,4 млн грн доходів.
Про це свідчать дані декларації Шмигаль в Єдиному реєстрі.
Як повідомляється, Шмигаль у 2019 році заробив 2 233 640 грн в ВП ""Бурштинська ТЕС ПАТ ДТЕК"" Західенерго. Крім того, 925 464 грн він отримав за сумісництвом в ""ДТЕК Східенерго"" і 229 958 грн в Івано-Франківській облдержадміністрації.
Згідно з декларацією, у нього є 155 тис. доларів. Також він є власником земельної ділянки в селі Хоросниця Львівської області, площа якого становить 2200 кв м, а також гараж - 15,9 м. кв
У дружини прем'єр-міністра Катерини Шмигаль є 80 тис. доларів, а також будинок у Львівській області площею 215,9 кв м і земельна ділянка в 151 кв м. Також у місті Кам'янка-Бузька та селі Хоросниця Львівської області вона володіє нежитловим приміщенням в 417,2 кв м і земельною ділянкою площею 2200 кв. м. Разом з тим, у Катерини є автомобіль Land Rover Discovery Sport 2016 року випуску.
Нагадаємо, міністр закордонних справ Дмитро Кулеба за 2019 рік подав декларацію
Разом з тим, народний депутат від фракції ""Голос"" Святослав Вакарчук подав електронну декларацію за 2019 рік.
Раніше РБК-Україна писало, що термін подання щорічних декларацій завершується 31 травня.",https://www.rbc.ua,2020-05-29 07:36:00+00:00,uk,https://www.rbc.ua/ukr/news/zemelnye-uchastki-3-4-mln-grn-dohodov-shmygal-1590737773.html,,Денис Шмигаль+1.0##Денис Шмигаль+1.0##Денис Шмигаль+1.0#Денис Шмигаль+1.0########Святослав Вакарчук+1.0#,0,##############,Денис Шмигаль:0#Святослав Вакарчук:0,,4.0,,,,,,,,,,0.0,,,,,,,,
"Познер оцінив перспективи дружби України з РФ: ""я вам гарантую, що...""","Журналіст упевнений, в усьому винна РФ","Журналіст Володимир Познер розповів, хто винен у конфлікті між Україною і РФ
Як передає Politeka.net, своє бачення ситуації він описав в одному з інтерв'ю (щоб подивитися відео, доскрольте сторінку до кінця)
За його словами, президент України Володимир Зеленський намагається нормалізувати відносини з РФ, але не як з молодшим братом, а хоче бути на рівних.
""Іншого способу спілкуватися з Україною, просто немає"", - зазначив він.

Водночас, журналіст упевнений, що вина в тому, що відбувається між країнами лежить на плечах РФ.
«Все сталося таким чином, що ми з Україною ще довго не зможемо бути близькими. Я гарантую це. Вони не забудуть нам цього! Так що ж виходить, ми винні? І я вважаю, що так, багато в чому винні саме ми. Відношення і політика Росії до України була помилковою. Але зараз з'являється можливість вийти з такого стану», — сказав Познер.
Раніше російський публіцист Олександр Невзоров пояснив, чому президент РФ почав війну на сході України, а також анексував півострів Крим з-за свого ""первісного мислення"". 
""Причина всіх цих бід в Криму і Донбасі – це це первісне мислення Путіна і сублімація цього первісного мислення"", - упевнений журналіст.
А ось режисер Андрій Кончаловський впевнений, що ніякої битви між країнами немає.
 
""Я думаю, мало хто розуміє справжні рушійні сили цього тектонічного зсуву. Відбувається битва не між Україною і Росією, а між Заходом і Сходом "", - зазначив режисер ще в 2014 році.
Нагадаємо, Невзоров розповів, коли налагодяться стосунки Росії та України.
Як повідомляла Politeka, Невзоров розповів, з чим не можуть змиритися росіяни.
Також Politeka писала, що Невзоров жорстко висловився про війну на Донбасі.",https://politeka.net/uk,2020-05-26 14:29:00+00:00,uk,https://popcorn.politeka.net/uk/267531-pozner-ocenil-perspektivy-druzhby-ukrainy-s-rf-ya-vam-garantiruyu-chto,,##Володимир Зеленський+1.0#################,-9,винний:-1;конфлікт:-1########винний:-1#винний:-1#помилковий:-1###біда:-1#впевнений:1;ніякий:-1;битва:-1#зсув:-1#битва:-1###,Володимир Зеленський:0,1.0,,,,,,,,,,0.0,,,,,,,,,
Чехія засудила агресію Росії поблизу Золотого,"МЗС Чехії засудило наступ проросійських бойовиків 18 лютого поблизу Золотого. Унаслідок бою загинув 22-річний Максим Хітайлов, 3 – отримали поранення, ще 2 – контуження.","# Чехія засудила агресію Росії поблизу Золотого
16:23, 20 лютого-
Чехія засудила агресію РФ поблизу Золотого 18 лютого/ 24 канал
МЗС Чехії засудило наступ проросійських бойовиків 18 лютого поблизу Золотого. Унаслідок бою загинув 22-річний Максим Хітайлов, 3 – отримали поранення, ще 2 – контуження.
МЗС Чехії назвало напад проросійських бойовиків явним порушенням мінських домовленостей і спробою дестабілізувати мирний процес, повідомляє пресслужба відомства.
До речі: У Німеччині заявили, що бій поблизу Золотого треба розслідувати
Чеська Республіка підтримала зусилля Володимира Зеленського щодо просування мирного процесу. У МЗС закликали Росію використовувати свій вплив на окупантів для сприяння мирному врегулюванню конфлікту.
Окрім того, МЗС Чехії з нагоди шостої річниці початку окупації Криму вкотре підтвердило свою позицію щодо невизнання анексії півострова.
Як Росія анексувала Крим – пригадайте у нашому матеріалі.
Зауважимо, що НАТО та країни ЄС також засудили агресивну поведінку окупантів і закликали Росію вплинути на своїх найманців, аби ті дотримувалися мінських домовленостей. Тим часом у Росії вдають, що нічого не знали про плани бойовиків.
## Масштабний бій поблизу Золотого: короткі факти
 * 18 лютого окупаційні війська провели масштабну атаку позиції підрозділів Об'єднаних сил поблизу населених пунктів Новотошківське, Оріхове, Кримське, Хутір Вільний;
 * Загинув 1 український воїн, 3 – отримали легкі поранення, а 2 – контуження;
 * Втрати ворога: 4 – загинули, 6 – отримали поранення;
 * Бій тривав приблизно від 5 ранку до 10.30;
 * Таких масштабних бойових дій на фронті не було з 2018 року;
 * Бойовики намагалися прорватися через лінію зіткнення.
Бойовики атакували позиції біля Золотого: дивіться відео
Автор:Анастасія Зазуляк",24tv.ua,2020-02-19 22:00:00+00:00,uk,https://24tv.ua/chehiya_zasudila_agresiyu_rosiyi_poblizu_zolotogo_n1284554,,#######Володимир Зеленський+1.0##############,-8,агресія:-1;золотий:1##агресія:-1;золотий:1#золотий:1#загинути:-2#напад:-1;порушення:-1#золотий:1##окупант:-1;сприяння:1;врегулювання:1;конфлікт:-1###агресивний:-1;окупант:-1##масштабний:1;золотий:1#окупаційний:-1;масштабний:1#загинути:-2;легкий:1#втрата:-1;ворог:-2;загинути:-2##масштабний:1#зіткнення:-1#атакувати:-1;золотий:1#,Володимир Зеленський:0,1.0,,,,,,,,,,0.0,,,,,,,,,
Ексглаву Кіровоградської ОДА відправили під варту на 60 діб із заставою в 10 млн гривень,,"Вищий антикорупційний суд обрав запобіжний захід посадовим особам Кіровоградської ОДА, які підозрюються в одержанні неправомірної вигоди. Суд обрав Балоню запобіжний захід у вигляді утримання під вартою з альтернативою внесення застави в розмірі майже 10 млн гривень, а для його пособника - 5 млн гривень. Про це повідомила пресслужба САП у Facebook.
«Вищий антикорупційний суд за клопотанням прокурора САП і детективів НАБУ обрав запобіжний захід голові однієї з обласних держадміністрацій і посадовій особі ОДА, які підозрюються в одержанні неправомірної вигоди», - йдеться в повідомленні.
Нагаждаємо, 25 червня НАБУ і СБУ затримали Андрія Балоня і його заступника при отриманні 250 тисяч гривень хабара. За даними слідства, він вимагав у начальника управління Держспоживслужби 1,8 млн гривень за нестворення перешкод у роботі та збереження посади. У червні оперативники задокументували передачу підозрюваним перших 100 тисяч гривень.
26 червня Володимир Зеленський повідомив, що знав про розслідування і тому вирішив звільнити голову Кіровоградської ОДА.
За даними ZN. UA, Балонь - людина Сергія Тригубенка, вплив якого через Сергія Трофімова, заступника голови ОПУ, на кадрові розстановки в регіонах такий же суттєвий, як і рік тому.",https://dt.ua/,2020-06-27 08:39:00+00:00,uk,https://zn.ua/ukr/UKRAINE/eks-hlavu-kirovohradskoji-oda-vidpravili-pid-vartu-na-60-dib-iz-zastavoju-v-10-mln-hriven.html,,#######Володимир Зеленський+1.0##,-2,неправомірний:-1;вигода:1###неправомірний:-1;вигода:1#хабар:-1#вимагати:-1####,Володимир Зеленський:0,1.0,,,,,,,,,,0.0,,,,,,,,,
